source,duration_sec,bits_per_sample_gzip,spectral_entropy,autocorrelation_lag1,rms_amplitude,model_throughput_bpd
speech,60.0,15.605127739984884,9.499847,0.5324594108930525,0.23654291033744812,0.63
music,60.0,14.198784580498867,5.4723334,0.9903891800053958,0.06070903316140175,2.83
noise,60.0,15.782131519274376,9.999836,0.0007754087799758104,0.299821138381958,0.0
