model,corpus,n_tokens,n_chars,n_bytes,bytes_per_char,chars_per_token,BPT,bits_per_char,bits_per_byte
Pythia-410M,english,45148,200000,200343,1.001715,4.429875077522814,4.220070845517001,0.9526387926670078,0.9510078142655424
Pythia-410M,python_code,72573,200000,200000,1.0,2.755845837983823,0.19043386688817535,0.06910178510837775,0.06910178510837775
Pythia-410M,dna_sequence,91165,200000,200000,1.0,2.1938243843580323,4.433281636065043,2.0208006017593485,2.0208006017593485
GPT-2-medium,english,44681,200000,200343,1.001715,4.476175555605291,4.465028441001272,0.9975096788618892,0.9958018786400217
GPT-2-medium,python_code,91141,200000,200000,1.0,2.1944020802931723,0.7852285728328025,0.35783258678277224,0.35783258678277224
GPT-2-medium,dna_sequence,103927,200000,200000,1.0,1.924427723305782,4.094210731272781,2.1274951933449318,2.1274951933449318
