source,seed,duration_sec,n_mel_frames,bits_per_dim,bits_per_frame,bits_per_sec,structural_bonus,mse,frame_var,plateau_slope,n_params,time_hrs
speech_synthetic,42,600.0,25840,0.6252796136276819,80.03579054434329,3446.8538701225966,0.6252796136276819,0.2017473175015512,0.48002473,-3.3999517524985933e-08,4296320,0.15677112645573085
speech_synthetic,137,600.0,25840,0.6346013547815742,81.2289734120415,3498.2399682334276,0.6346013547815742,0.19915697516880135,0.48002473,-3.539470889347404e-08,4296320,0.16486813843250275
music,42,600.0,25840,2.861139370228359,366.22583938923,15772.03077838383,2.861139370228359,0.018769052457885165,0.99087733,-3.4367445733555585e-08,4296320,0.16272905144426558
music,137,600.0,25840,2.8311861152016804,362.3918227458151,15606.913460049263,2.8274644186553726,0.01956482666406711,0.99087733,-3.516627693788435e-08,4296320,0.16151277780532836
noise,42,600.0,25840,0.0,0.0,0.0,0.0,1.0036710456705793,1.0000724,-1.262319558092861e-07,4296320,0.16403977897432115
noise,137,600.0,25840,0.0,0.0,0.0,0.0,1.000304741157147,1.0000724,-1.2274759649756478e-07,4296320,0.16257279091411167
silence,42,60.0,2584,0.0,0.0,0.0,0.0,1.0155142385935045,1.0129116,-1.2882787240258877e-08,4296320,0.18973606838120355
silence,137,60.0,2584,0.0,0.0,0.0,0.0,1.0210833426603336,1.0129116,-1.3133272652361396e-08,4296320,0.18609370695220098
