corpus,target_entropy,empirical_entropy
SYN-2,2.0,1.381689750347288
SYN-4,4.0,3.675477410306829
SYN-8,8.0,7.999666964825696
SYN-12,12.0,11.985122249438856
SYN-MIX,6.5,
