measurement,model,corpus,bpt
self_eval,syn2,syn2,20.524591167646893
self_eval,syn4,syn4,22.846428499077568
self_eval,syn8,syn8,8.921040037996988
self_eval,syn12,syn12,17.402508930723123
